Summary,Issue Type,Priority,Epic Name,Description
Requirements & Documentation,Epic,High,Requirements & Documentation,"RE artefacts, SRS, WBS"
Mentor Matching,Epic,High,Mentor Matching,"FR-001 domain-based mentor recommendation"
Availability Management,Epic,High,Availability Management,"FR-002 mentor calendar and real-time view"
Booking & Meeting Link,Epic,High,Booking & Meeting Link,"FR-001 FR-003 NFR-002 booking and link generation"
Scorecards,Epic,Medium,Scorecards,"FR-004 structured feedback"
Reminders & Rescheduling,Epic,Medium,Reminders & Rescheduling,"FR-005 notifications reschedule cancel"
Privacy & Reliability,Epic,High,Privacy & Reliability,"NFR-001 NFR-002"
Write FR and NFR table,Story,High,,"Document FR-001 to FR-005 and NFR-001 to NFR-002"
Create RTM,Story,High,,"Trace requirements to use cases design and tests"
Draw architecture diagram,Story,High,,"Layered architecture diagram and description"
Write SRS,Story,High,,"IEEE 830 style SRS"
Create WBS,Story,Medium,,"Work breakdown structure with effort estimates"
As a student I can filter mentors by domain,Story,High,,"FR-001 ranked list of matching mentors"
As a mentor I can publish recurring and one-off slots,Story,High,,"FR-002"
As a mentor I can block out slots,Story,High,,"FR-002 blocked slots cannot be booked"
As a student I can book a slot in one click,Story,High,,"FR-001 session added to both calendars"
As a student I get a conflict message if my slot was taken,Story,High,,"UC-01 alternate flow A1 NFR-002"
As a user I get a meeting link in both invites,Story,High,,"FR-003 link within 1 minute"
As a mentor I can submit a structured scorecard,Story,Medium,,"FR-004"
As a student I can view my scorecard on my dashboard,Story,Medium,,"FR-004"
As a user I get reminders before a session,Story,Medium,,"FR-005"
As a user I can reschedule or cancel within the policy window,Story,Medium,,"FR-005 4-hour window"
As a user I can request deletion of my data,Story,High,,"NFR-001 soft-delete within 24 hours"
Concurrency test for simultaneous bookings,Task,High,,"NFR-002 exactly one booking succeeds"
